"DESCRIPTION","DURATION IN MS","NAME","PARENT SUITE","START TIME","STATUS","STOP TIME","SUB SUITE","SUITE","TEST CLASS","TEST METHOD"
"","63","GET Request & Validations on multiple data sets","chromium","2026-10-07","passed","2026-10-07","","TC_002_GET_MultipleDataSet_Validations.spec.ts","",""
"","979","Creating a New Booking for Karthik with External JSON File","chromium","2026-10-07","passed","2026-10-07","","TC_008_CreateBookingWithJSONFile.spec.ts","",""
"","1377","POST Request Demo Auth data with Token","chromium","2026-10-07","passed","2026-10-07","","TC_003_POST_Request_AuthData.spec.ts","",""
"","69","GET Request Call Demo","chromium","2026-10-07","passed","2026-10-07","","TC_001_GET_Request_SingleRecord.spec.ts","",""
"","2362","Delete Request Demo","chromium","2026-10-07","passed","2026-10-07","","TC_006_DELETE_Request.spec.ts","",""
"","2155","get started link","chromium","2026-10-07","passed","2026-10-07","","example.spec.ts","",""
"","961","Check API Health","chromium","2026-10-07","passed","2026-10-07","","TC_007_MonitorAPIHealth.spec.ts","",""
"","1831","PUT Full Update Demo","chromium","2026-10-07","passed","2026-10-07","","TC_005_PUT_UpdateRequest.spec.ts","",""
"","1947","has title","chromium","2026-10-07","passed","2026-10-07","","example.spec.ts","",""
"","941","Creating a New Booking for Sreekanth with External JSON File","chromium","2026-10-07","passed","2026-10-07","","TC_008_CreateBookingWithJSONFile.spec.ts","",""
"","1052","POST Request Create Booking","chromium","2026-10-07","passed","2026-10-07","","TC_004_POSTRequest_CreateBooking.spec.ts","",""
